V1,V2
1,990
2,991
3,992
4,993
4,994
4,995
5,996
6,997
2,998
7,999
8,1000
9,1001
10,1002
11,1003
10,1004
3,22
9,1005
12,1006
8,1007
13,1008
3,1009
14,1010
10,1011
3,1012
10,1013
15,1014
17,1015
19,1016
13,1017
4,1018
21,1020
22,1021
23,1022
8,1023
8,1024
24,1025
3,1026
12,1027
25,1028
26,1029
27,1030
12,1032
29,1033
8,1034
3,1035
6,1036
8,1037
17,997
2,1038
8,1039
30,1040
8,1041
23,1042
31,1043
32,1045
33,1046
3,1047
4,1048
3,1049
12,1050
24,1051
5,1052
34,997
35,1042
12,1014
36,1054
4,1055
8,1056
2,1005
37,1057
38,1058
39,1059
12,1060
40,1016
20,1061
2,1062
4,1063
3,1064
30,1065
16,1066
16,1067
13,1068
9,1069
17,1070
4,1071
23,1072
41,1073
3,1074
42,1075
12,1076
26,1077
24,1078
2,1079
14,1080
6,1081
43,1082
44,1084
45,1085
40,1086
9,1087
14,1088
9,1089
12,1090
4,1091
9,1092
47,1094
12,1095
6,1096
2,1097
3,1098
4,1099
3,1100
13,1101
4,1102
48,1103
1,1104
49,1105
50,1106
10,1107
3,1108
51,1109
9,1110
4,1111
9,1112
30,1114
42,1115
3,1116
3,1117
40,1118
6,1119
27,1120
4,1121
17,1122
52,1123
45,1124
53,1125
3,1126
54,1128
6,1129
3,1130
3,1131
24,1081
10,1133
43,1134
55,1136
56,1137
57,1138
17,1139
12,1140
45,1141
58,1142
12,1143
2,1144
12,1145
1,1146
59,1147
10,1148
42,1149
6,1150
60,1151
50,1152
19,1153
6,156
61,1154
41,1155
60,1156
12,1126
62,1157
10,1119
63,1159
43,1160
64,1161
3,1162
2,1086
4,1163
12,1164
5,1165
43,1166
3,1167
4,1170
13,1171
22,1004
66,1172
67,1173
12,1175
69,1176
70,1177
71,1178
12,1179
72,1180
5,1181
66,1182
73,1184
12,1185
11,1186
12,1187
74,1188
75,1189
48,1190
76,1191
17,1192
26,1193
12,1194
43,1195
40,1196
14,1197
19,570
67,1199
4,1200
44,1201
65,1202
9,1203
12,1204
60,1205
10,1206
12,1004
78,1207
6,1208
55,1209
79,1210
5,1211
80,1212
55,1213
40,1214
42,1215
10,1216
48,1217
6,1218
60,1219
81,1221
40,1222
4,1223
9,1224
4,1225
41,1226
78,1227
12,1228
24,1229
1,1230
3,1231
82,1232
83,1233
17,1234
15,1235
9,1236
12,1237
10,1238
13,761
9,1239
52,1226
12,1240
17,1241
3,1242
67,1243
84,1244
4,1245
42,1247
26,1248
59,1249
2,1250
23,1251
67,1201
9,1252
43,1253
85,1254
6,1255
5,1256
4,1257
86,1258
11,1259
9,1260
42,1261
87,1262
15,1263
6,1265
4,1266
88,1268
40,1269
17,1270
4,1271
12,1272
75,34
25,1273
12,1274
28,1254
89,1276
12,1277
77,1278
13,1279
3,1280
42,1281
77,1282
2,1283
19,1205
14,1284
90,1285
91,1286
92,1269
10,1287
93,1288
53,1289
13,1291
19,1292
3,1293
81,1294
3,1296
13,1285
2,1297
78,1298
94,1299
40,1300
5,1301
5,1302
3,1303
19,1304
60,1281
28,1305
82,1306
67,1307
8,1308
95,1295
40,1309
13,1310
4,1311
42,1312
11,80
30,1313
46,1314
3,1315
2,1285
96,1316
33,1317
97,1318
19,1319
4,1320
24,1308
9,1255
98,1321
23,1322
99,1323
14,1324
12,1325
2,1326
12,1327
23,1328
100,1329
25,1330
3,1020
17,1331
23,1332
2,1333
44,1335
44,1336
102,1337
23,1338
103,1339
104,1177
13,1340
60,1341
14,1342
43,1343
9,1344
2,1345
65,1346
13,1347
43,1348
3,1349
37,1351
4,1352
50,1353
77,1354
104,1355
48,1356
13,1357
60,1358
105,1359
13,1360
2,1361
42,1362
3,1363
86,1364
66,1365
3,1366
4,1368
65,1369
106,1370
107,1371
12,1372
108,1374
28,1190
6,1375
109,1376
9,1377
104,1378
48,1379
4,1380
52,1381
12,1382
110,1383
111,1384
112,1385
113,1386
10,1387
114,1388
115,1389
3,1390
2,1391
12,1392
19,1371
99,1393
10,1292
5,1395
42,1396
3,1397
12,1398
23,1399
12,1400
66,1401
4,1402
60,1372
99,1388
12,1403
4,1404
2,1405
66,1406
72,1407
17,1408
117,1330
112,1409
10,1411
12,1412
4,1413
118,1414
77,1415
65,1416
13,1416
4,1417
62,1154
4,1418
66,1419
42,1420
12,1421
13,1422
105,1423
52,1424
10,1425
24,1419
119,1427
120,1430
12,1431
10,1432
13,1433
12,1434
13,1435
23,1436
82,1437
69,1438
38,1439
17,1440
9,1441
13,1442
84,1443
10,1419
60,1444
13,1445
2,1446
12,1447
121,1448
9,1449
12,1450
30,1451
62,1452
3,1453
122,1454
50,1419
4,1456
13,1457
2,1458
4,1460
3,1461
124,1462
27,1463
66,1464
4,1466
42,1467
12,1468
125,1455
12,1469
63,1420
3,1471
28,1472
126,1473
13,1474
127,1462
128,1475
28,1476
12,1477
62,1292
3,1478
4,1479
129,1480
3,1481
4,1482
12,1483
3,1484
65,1485
62,1435
9,1486
130,1487
60,1488
122,1489
10,1423
4,1490
4,1491
131,1425
12,1492
12,1493
132,1494
133,1312
134,1495
10,1496
135,1497
10,1498
95,1499
12,1500
136,1501
137,1502
10,1503
4,1504
120,1505
24,1506
40,1507
138,1508
139,1509
4,1510
48,1511
19,1512
23,1513
3,1515
10,1517
113,1518
12,1519
8,1520
27,1521
6,1522
12,1523
43,1524
60,1525
60,1527
43,1529
4,1530
3,1531
76,1532
12,1534
134,1535
62,1315
142,957
22,1536
43,1537
143,1538
19,1539
80,1540
43,1541
12,1498
3,1542
144,1543
12,1544
44,1545
145,1546
3,1547
84,1495
26,1549
137,1550
19,1498
13,1551
5,1552
12,1553
52,1554
5,1556
146,1557
143,1558
77,1559
4,1560
19,1561
147,1562
17,1563
10,1565
13,1509
40,1498
40,1566
10,1567
25,1568
12,1569
3,1570
60,1571
120,1572
4,1573
10,1574
13,1575
13,1544
148,1576
4,729
63,1577
30,1578
12,1542
10,1580
100,1581
23,1582
41,1584
19,1585
149,1586
12,1587
3,1588
42,1589
24,1590
112,1190
4,1591
12,1593
62,1594
9,1595
13,1596
60,1597
9,1598
12,1599
85,1600
15,1601
12,1602
9,1603
3,1604
99,1606
151,1607
66,1608
4,1609
12,1610
129,1555
15,1611
6,1612
127,1613
152,961
52,1584
153,1558
65,1614
13,1615
112,1616
60,1617
12,1618
154,1619
30,1620
4,1621
60,1622
155,1623
78,1624
124,1613
9,1625
28,1626
156,1627
56,1628
4,1629
113,1630
3,1631
157,1632
80,1633
12,1634
2,1635
12,1636
9,1638
12,1639
117,1543
4,1640
158,961
12,1641
42,1642
139,1643
4,1644
9,1645
2,1646
4,1647
12,1648
40,1649
159,1650
12,1651
6,1652
13,1653
23,1654
160,1655
81,1656
60,1657
4,1658
4,1659
13,1660
2,1661
161,1662
162,1663
161,1664
163,1665
43,1666
4,1667
164,1668
165,1023
166,1670
167,1526
165,1671
42,1672
161,1673
6,1674
168,1675
165,1676
23,1677
17,1674
165,1678
83,1679
164,1680
165,1681
165,1682
169,1683
14,1684
165,1685
25,1686
170,1295
14,1687
2,1688
165,1689
165,1690
69,1692
25,1693
4,1694
165,1695
28,1696
171,1697
172,1698
50,1699
171,1700
161,1701
19,1702
171,1703
44,1704
161,1705
168,1706
161,1707
12,1708
161,1709
2,1710
161,1711
161,1712
24,1713
42,1714
42,1616
19,1715
162,1716
161,1717
173,1718
174,1540
4,1720
83,1721
46,1722
42,1723
175,1068
161,1724
4,1725
67,1726
12,1704
168,1727
165,1728
161,1729
176,1730
66,1732
25,1733
165,1734
168,1736
104,1737
161,1738
12,1739
17,1740
83,1741
169,1742
105,1743
169,1744
165,1745
177,1744
9,1746
165,1747
17,1746
83,1748
60,1749
60,1750
178,1751
60,1752
60,1753
40,1754
62,1755
60,1756
60,327
179,1757
165,715
180,1759
62,1760
60,1761
46,1762
171,1763
60,1764
161,1765
60,1766
60,1654
60,1767
60,1768
60,1769
60,1770
176,1771
60,1772
60,1773
60,1774
165,1775
179,1776
60,1777
60,1778
60,1779
60,1780
60,1781
60,1782
50,1783
33,1784
62,1785
60,1786
60,1787
4,1788
60,1789
60,1790
60,1791
60,1792
60,1793
2,1794
60,1795
60,1796
60,1797
60,1798
60,1799
114,1800
60,1801
171,1802
60,1804
60,1805
60,1806
60,1807
60,1808
169,1810
60,1811
60,1041
60,1814
181,1815
60,1816
43,1817
60,1818
60,1819
62,1821
60,1822
60,1823
60,1824
60,1825
182,1826
50,1827
183,1759
60,1828
60,1829
60,1830
60,1831
60,1832
60,1833
60,1834
60,1835
60,1836
60,1837
60,1838
60,1839
60,1840
184,1841
161,1842
60,1843
60,1844
60,1845
60,1846
185,1847
60,1848
60,1849
60,1850
60,1851
60,1852
60,1853
60,1856
186,1857
60,1858
60,1859
60,1860
5,1861
60,1862
62,1863
60,1864
25,1865
60,1866
168,1867
60,1869
60,1870
60,1871
60,1872
14,1873
50,1874
60,1875
60,1876
186,1865
179,1877
12,1878
60,1879
60,1880
187,1815
60,1881
60,1882
60,1883
25,1884
188,1759
60,1885
60,1886
60,1887
60,198
60,1888
62,1889
60,1891
149,1892
17,1893
60,1895
168,1896
60,1897
60,1898
60,1899
189,1900
60,1901
60,1902
60,1903
60,1904
25,1905
161,1906
161,1907
60,1908
60,1909
50,1910
190,1911
60,1912
4,1913
60,1914
60,1915
60,1916
60,1917
168,1919
4,1920
191,1921
60,1922
161,1923
60,1924
60,1925
6,1926
60,1927
60,1928
167,1900
175,1929
60,1930
60,1931
164,1932
60,1934
60,1935
60,1936
60,1937
192,1938
60,1939
60,1940
60,1942
60,1943
186,1944
60,1945
60,1946
193,1815
60,1947
169,1948
60,1949
60,1352
60,1950
60,1951
60,1952
62,1953
60,1954
60,1955
60,1956
194,1957
60,1958
60,1959
60,1961
60,1963
60,247
60,1964
83,1966
60,1967
62,1968
60,1969
62,1970
60,1971
175,1972
60,1973
60,1974
60,1975
60,1976
60,1977
179,1978
196,1900
140,1957
161,1979
62,1980
60,1981
60,1982
60,1575
65,1983
60,1984
60,1985
60,1986
60,1987
192,62
60,1988
60,1989
161,1990
60,1991
164,1992
5,1993
161,1994
165,1995
50,1996
60,1997
161,1998
197,1999
60,2000
60,2001
28,2002
60,2003
50,1823
60,2004
60,2006
198,1759
60,1889
178,2007
60,2008
60,2009
60,2010
60,2011
60,2012
60,2013
62,2015
165,1067
60,2016
60,2017
60,2019
179,2020
60,2021
4,2022
14,2024
60,2025
199,1878
60,2026
24,2027
165,2028
60,2029
60,2030
200,1759
60,2031
50,2032
60,2033
25,2034
60,2035
60,2036
60,2037
60,2038
171,2039
50,2040
168,2041
60,2042
2,2043
60,2044
60,2045
60,2046
60,2047
60,2048
60,2049
179,2050
60,2051
179,2052
60,2053
100,1878
168,2054
60,2055
186,1653
60,2058
161,2059
60,2060
201,1759
161,2061
4,2063
60,2064
60,2065
19,2066
25,2067
60,2068
60,2069
60,2070
60,2071
60,2072
50,2073
60,2074
60,2075
60,2076
60,2077
60,2078
8,2079
50,2080
164,1994
162,2081
178,2082
60,2083
192,2084
179,2085
60,2086
202,1759
50,2087
60,2088
50,2089
169,2090
60,2091
60,2095
60,2096
60,2097
60,2098
161,2099
4,2100
66,2101
60,2102
60,2103
60,2104
60,2105
5,2106
60,2107
60,2108
60,2109
172,2110
60,2112
60,2113
60,2114
60,2115
60,2116
192,961
203,2117
60,2118
165,2119
60,2120
197,2121
197,2122
60,764
204,2123
165,1463
205,2124
80,2027
12,2125
60,2126
60,2127
165,2128
4,2129
60,2130
60,1143
60,1910
66,2131
83,2132
60,2133
60,2134
186,2099
197,2135
206,2136
207,2138
208,2139
197,2140
187,1759
209,2141
60,2142
10,2143
60,2144
19,2145
60,2146
60,2147
60,2148
60,2149
50,1463
60,2150
197,2151
172,2152
50,2154
50,2155
60,2156
60,2157
60,2158
169,2159
177,2160
60,2161
178,2162
60,2163
210,1747
178,2164
60,2165
60,2166
161,2167
164,2168
171,2169
175,2170
17,2171
60,2172
173,2173
192,2175
60,2176
171,2177
192,2178
60,2179
62,1934
23,2180
211,204
62,2181
60,2182
60,2183
168,2184
60,2185
12,2186
60,2187
60,2188
60,2189
60,2190
60,2191
165,2192
165,2193
60,2194
50,2195
60,2196
60,2198
60,2200
175,1992
60,2201
211,2202
62,2203
60,2204
60,2205
50,2206
60,2207
60,2208
60,2209
60,2210
60,2211
197,2212
60,2213
60,2214
60,2215
60,2217
19,2218
60,2219
60,2220
60,2222
32,2223
173,2224
50,2225
211,2226
60,2227
9,2228
50,1041
50,2229
60,2230
164,2101
197,2231
60,2232
197,2233
211,2234
186,2235
212,2236
60,2237
213,2238
62,2239
50,2240
60,995
211,2241
211,2242
60,2243
60,2244
60,2245
60,2246
211,2247
211,2248
60,2249
60,2250
164,2251
60,2252
52,2254
60,2255
60,2256
60,2258
60,2259
60,2260
60,2261
60,2262
172,2263
168,2264
17,2265
197,2266
60,2267
214,1759
60,2268
192,2269
19,2171
60,2270
60,2271
50,2272
197,2273
60,2274
25,2275
211,2276
4,2277
60,2278
60,2279
60,2280
60,2281
215,2282
9,2285
50,2286
211,2287
60,2288
62,2289
60,2290
60,2291
164,2292
171,2293
60,2294
60,2295
60,2296
60,2297
4,2298
60,2299
60,2300
165,2301
216,1759
169,2302
60,2303
60,2304
12,2305
164,2306
164,2171
60,2154
69,2307
165,278
60,2308
40,2309
60,2310
60,2311
60,2312
168,2313
211,2314
62,2307
60,2315
60,2316
60,2317
217,1759
60,2318
25,2319
50,1777
177,2320
165,2321
211,2322
192,2323
60,2324
60,2282
60,2325
12,2326
60,2327
60,2328
60,2329
60,2330
168,2331
60,2332
2,2333
211,2334
218,2335
192,2336
60,2337
60,2338
211,2339
219,1957
60,2340
60,2341
60,2342
60,2343
60,2344
211,2345
175,2346
60,2347
60,2348
60,2349
17,2350
60,2351
169,2352
60,2353
211,1916
197,2354
140,2355
60,2356
211,2357
60,2358
60,2131
60,2359
60,2360
60,2361
62,2362
4,2363
60,2364
220,2365
4,2366
60,2367
60,759
197,2369
60,2370
60,2371
50,1204
60,2372
211,2373
60,2374
60,2375
60,2376
192,2377
60,2378
60,2379
60,2380
168,2381
211,2382
60,2383
60,2384
220,2385
60,2386
211,234
60,2387
197,2388
60,2389
190,2390
172,2391
24,2392
60,2393
60,2394
206,2395
60,2396
60,2397
60,2398
60,2399
178,2400
116,2403
221,2404
160,2405
25,2406
60,492
13,2408
60,2409
168,2410
9,1755
175,2411
60,2412
195,2413
60,2414
60,2415
60,2416
177,2417
211,2418
222,2419
5,2420
60,2421
60,2422
60,2424
177,2425
60,2426
168,2427
60,2428
177,2430
209,2431
50,2432
60,2434
60,2435
60,2436
171,2437
50,1902
178,2438
211,2439
66,2440
165,2357
60,2441
100,2442
60,2443
60,2444
60,2445
60,2446
175,2447
60,2448
60,2449
60,2450
60,2451
168,2452
223,2453
60,2454
224,2455
211,2456
24,2457
62,2458
165,2459
60,2460
177,2461
60,2462
60,2463
25,2464
114,2206
60,2465
60,2466
25,2467
178,2468
60,2469
164,2470
165,2453
211,2471
225,492
197,2473
175,2474
186,2464
192,2475
60,2476
60,2477
50,2478
62,2479
164,2480
60,2481
24,2425
60,1060
207,2483
172,2484
211,2485
60,2486
161,2487
211,2488
220,2489
60,2490
60,2491
178,2492
173,2493
164,2494
9,2495
4,2496
104,2497
98,2498
60,2499
44,2500
60,2501
60,2502
179,2503
4,2504
168,2160
211,2505
60,2506
60,2507
60,2508
65,2510
60,2511
60,2512
60,2513
166,2258
60,2514
226,2515
4,2516
60,2517
227,2518
50,2520
60,2521
60,2522
60,2523
60,2223
197,2524
211,2525
228,2526
60,2527
60,2528
60,2529
60,2530
9,2531
229,2532
60,2533
230,2534
60,2535
60,2536
171,2537
60,2538
60,2539
60,2540
149,2541
60,2542
60,2543
60,2544
62,2545
60,2546
60,2547
60,2548
60,2492
17,2549
24,2550
60,2551
69,1610
172,2552
60,2553
60,2555
60,2556
60,2557
164,2558
211,473
60,2559
4,2560
211,2561
60,2562
211,2563
60,2564
228,2139
60,2565
192,2236
60,2566
60,2567
10,2568
165,2059
60,2569
60,2570
231,2571
232,2572
165,2573
60,2574
67,2575
4,2576
17,2577
175,2578
14,2579
60,2580
4,1755
60,2581
179,287
60,2582
60,2028
60,2583
62,2584
60,2585
60,2586
9,2587
9,2588
116,2589
60,2590
60,2591
211,2593
60,2594
165,2595
19,2596
60,2597
179,2598
60,2599
233,2600
179,2601
234,2602
60,2603
165,2604
60,2605
60,2606
60,2607
60,2608
60,2589
60,2609
102,2610
60,2611
60,2612
168,2613
211,909
60,2614
60,2615
60,2616
165,2617
211,2618
235,2236
60,2619
60,2620
236,262
60,2621
60,2622
60,2623
209,2624
169,2625
60,2626
60,2627
211,2628
60,2629
60,2630
50,2631
60,2632
194,2633
60,2634
211,2636
116,2486
60,2638
149,2639
166,2640
166,2641
60,2642
197,2643
60,2644
60,2645
60,2646
60,2647
60,2648
60,2649
168,2650
60,2651
50,2652
25,2653
60,2654
179,2655
60,2656
60,2657
60,2658
60,2659
62,2660
60,1192
50,2662
60,2663
186,2664
60,2665
60,2666
169,2667
60,2668
232,1329
60,2670
25,2672
60,2673
60,2674
116,2675
211,2676
62,2677
10,2678
173,2679
60,2680
206,2681
211,2682
60,2683
204,2226
60,2684
165,2685
50,2605
60,2686
60,2687
42,2688
60,2689
60,2690
204,1419
60,2692
161,2694
60,2695
168,2696
12,2697
60,2698
60,2699
211,2700
2,2701
237,2282
204,2702
25,2703
60,2704
238,1067
60,2705
211,2706
60,2707
220,2708
60,2709
60,2710
4,2712
60,2713
220,2714
211,2715
60,2716
239,2717
204,2373
60,2718
232,2719
60,2720
240,2721
60,2722
60,2723
60,2724
60,2725
60,2726
60,2729
204,2382
204,2730
60,2731
173,2732
60,2733
60,2734
60,2735
8,2737
60,2738
164,2739
241,2740
211,2741
242,2742
3,2743
60,2744
243,2745
60,2746
60,2747
14,2749
60,2750
60,2751
60,2752
204,2753
60,2754
60,2755
60,2756
60,2757
60,2758
204,2377
168,2759
60,2760
244,1308
60,2761
178,2762
60,2763
60,376
179,2764
60,2765
168,2766
60,485
60,2767
60,2768
3,2042
197,821
171,2769
60,2770
43,2771
60,1034
60,2772
60,2773
211,2775
60,2776
60,2777
204,2779
24,2780
60,2781
60,2783
50,2784
10,2785
60,2786
60,2788
13,2789
60,2790
60,2791
60,2792
211,2794
60,2795
60,2796
60,2797
211,2798
173,2560
60,2799
60,2800
60,2801
60,2802
60,2803
166,2804
65,2805
62,2806
60,2808
62,2809
60,2810
60,2811
60,2812
50,1560
60,2125
60,2813
62,1034
43,1308
60,1560
211,2814
60,2815
60,2816
60,2817
206,2818
60,2819
60,2820
60,2821
48,1308
60,2823
211,2824
60,2825
50,1786
60,2660
12,2826
168,2827
60,2828
245,2829
60,2830
60,2831
161,2832
179,1902
60,2833
2,2834
4,2835
161,2836
60,2837
60,2838
30,2839
23,2840
60,2841
60,2842
60,2843
12,2844
102,2766
60,2845
60,2846
12,2840
204,1149
60,2847
185,2848
204,2849
60,2850
60,2851
60,2852
60,2853
60,2854
179,2036
60,2856
211,2857
211,2858
4,2859
50,2860
211,2861
149,2862
60,2863
42,2864
50,2865
60,2866
60,2867
211,2868
60,2869
60,2870
6,2871
165,2872
25,2873
177,2874
166,2875
83,2876
168,2877
67,2878
60,2879
168,2880
60,2881
227,2882
50,2883
60,2884
6,2885
60,2886
171,2518
60,2887
60,2888
60,2889
60,2890
179,2891
60,2892
67,2893
60,2894
60,1490
179,2896
60,2897
60,2898
9,2899
173,2900
60,2901
179,2902
60,2904
60,2905
246,2766
217,2906
179,2908
204,2909
171,2910
60,2911
197,2912
67,2913
60,2914
247,2572
60,2916
12,2917
60,1878
207,2918
4,2919
60,2920
24,2766
67,2921
60,2922
60,2923
60,2924
4,2282
60,2925
60,2926
25,2927
232,2928
211,2929
179,2662
175,2930
60,2931
60,2932
60,2933
60,2934
245,2936
62,2937
186,2927
50,2938
199,2939
60,2908
60,2940
211,2941
60,2942
179,2572
60,2943
60,2944
168,2549
60,2945
60,2946
60,2947
60,2948
60,2949
60,2951
60,2952
60,2953
211,2954
60,2955
60,2956
14,2958
204,2593
60,2596
60,2959
186,2960
60,2862
60,2961
165,2962
60,2963
168,2964
211,2965
60,2966
204,2967
60,2968
60,2969
60,2970
60,2971
60,2972
60,2973
248,2974
177,2975
161,2976
50,2977
60,2978
211,2979
12,2980
12,2981
166,2982
17,2983
60,2984
60,2985
2,2986
161,653
248,2987
60,2988
50,2989
60,2990
60,2991
58,2992
60,2993
60,2994
60,2995
211,2996
60,2997
12,2516
60,2759
60,2998
4,2999
60,3000
60,3001
211,3002
60,3003
207,3004
60,3005
50,3008
60,3009
114,3010
60,3011
60,3012
60,3013
60,3014
232,3016
211,2616
50,2885
60,3017
60,3018
5,3019
4,2766
211,2876
211,3020
60,3021
24,3022
60,3023
19,3024
60,3025
60,3010
9,2805
60,3027
60,3028
60,3030
50,3031
60,3032
62,3033
60,3034
206,3035
211,3036
81,3037
60,3038
4,3039
47,3040
62,3041
60,3042
43,3043
62,1712
60,3044
60,3045
164,3046
60,3047
62,3048
60,3049
164,1038
60,3051
250,3052
251,3053
60,3054
60,3055
166,3056
211,3057
164,2159
211,3058
252,3059
173,3060
60,3061
5,3062
62,3063
211,3064
60,3065
60,3066
5,3067
25,3068
60,3069
204,295
177,3070
50,3071
60,3072
253,3073
52,3074
2,2712
60,3075
12,3076
166,3077
60,3078
24,3074
60,3079
60,3080
60,3081
62,3082
60,3083
211,3084
163,3002
60,3085
60,3086
254,1308
60,3087
50,3088
60,3089
166,3090
175,3091
12,3092
60,3093
204,1803
60,3095
17,3096
166,3097
50,3098
43,3099
209,3100
204,3101
5,3102
60,3103
60,3104
60,3105
13,1957
60,3106
60,3107
60,2662
60,3108
211,3109
177,3110
53,3111
60,3112
60,3113
60,3114
162,3115
60,3116
211,3117
60,3118
67,3119
60,3120
60,3121
4,3122
255,2968
60,3123
60,3124
60,3125
60,546
60,3127
256,3128
10,3129
60,3130
177,3131
60,3133
83,2239
50,695
60,3134
4,3135
194,1156
168,3136
60,3137
62,3138
211,3139
166,3140
60,3141
19,3074
60,3142
60,3143
23,3144
60,3145
60,3146
60,3147
60,3148
60,3149
60,3150
173,3151
60,3152
60,3153
166,3154
60,3155
60,3156
60,44
50,2041
166,3157
60,2503
60,3158
60,3159
211,3160
12,3161
50,3162
60,3163
166,3164
30,3165
60,3166
83,3167
60,3168
60,3169
4,3170
211,3171
60,3172
60,3173
60,3174
60,3175
60,3176
17,3177
257,3178
60,3179
60,3180
166,3181
60,3182
60,3183
60,3185
60,3186
168,3187
211,3188
168,3015
6,3189
23,3190
60,3191
4,2653
166,3192
166,3193
60,3194
258,2250
17,3195
60,3196
166,3197
46,3198
60,3199
60,3200
60,3201
60,3202
60,3203
47,3170
165,3204
69,3205
60,3206
60,3207
161,3208
164,3209
204,3210
60,3211
211,3212
259,3178
60,3213
46,3215
168,3216
149,3217
60,3218
60,3219
60,3220
60,3221
4,3222
248,3223
60,3224
60,3225
62,3109
166,3226
24,3227
24,3228
60,3229
50,1841
211,3230
60,3231
4,3232
60,3233
60,2877
60,3234
60,3235
60,3236
60,3237
166,3238
14,3239
248,3240
165,3241
12,3242
211,3243
258,3244
60,3245
60,3246
168,3247
60,3248
260,3249
60,3250
60,3251
30,3252
166,3253
60,3254
204,3255
4,3256
60,3257
166,3258
60,3259
60,3260
255,3261
261,3262
42,3263
42,3264
60,3265
60,3266
60,3267
60,3268
23,3269
262,3221
60,3270
60,3271
263,3272
168,3273
60,3274
50,3275
12,3276
264,3277
204,1459
42,2896
60,3278
60,3279
44,3280
60,3281
60,3282
166,3283
265,3284
166,1993
60,3285
60,3286
168,3287
42,3288
42,222
171,3289
60,3290
60,3291
164,3293
60,3294
211,3295
62,3296
50,3297
166,3298
204,3299
67,3300
25,3301
60,3302
166,3303
60,3304
60,3305
25,2964
204,3306
5,3308
42,2192
9,3310
258,3311
161,3157
60,3312
83,840
161,3313
166,3314
60,3315
60,3316
60,3317
42,3318
42,3319
248,3320
60,3321
211,2909
60,3322
60,3323
42,3324
60,3325
50,3326
60,3327
42,3328
266,854
60,3329
4,3330
267,3331
42,3332
232,3333
83,3334
60,3335
25,3336
12,1966
60,3337
60,3338
83,3341
171,3342
159,3343
206,3267
60,3344
42,3110
269,3345
60,3346
60,3347
50,3348
186,2964
23,2516
83,2033
163,3349
60,3350
4,3351
198,3352
60,3353
12,3354
60,3355
83,3356
60,3357
211,3358
60,3359
60,3360
60,3361
25,3363
60,3364
60,3365
206,3366
258,3367
60,3368
175,3369
60,3370
12,3371
204,3372
42,3373
161,764
164,3375
60,3376
271,1308
159,3377
206,3378
204,3379
60,3380
60,3382
60,3383
60,3384
60,3385
60,1953
252,3386
232,2967
42,3387
60,3388
248,3389
264,3375
42,3390
50,3391
272,3392
60,3393
60,3394
60,3395
60,3396
60,3397
40,3398
60,3399
42,3400
211,3401
60,3402
60,3403
42,3404
194,3339
4,3405
273,1504
60,3406
236,3407
227,3408
162,2964
60,3409
60,3410
165,3411
60,3412
4,1446
166,3413
274,1504
60,1108
60,3414
60,3415
275,3416
168,3417
276,2766
260,3418
60,3419
60,3420
60,1542
42,3421
60,3422
60,3423
60,3424
60,3425
60,3426
179,3427
60,3428
211,3429
277,3430
60,3431
60,3432
60,3433
211,3434
4,3435
60,3436
4,3437
60,3438
50,3439
278,2618
4,3440
149,3441
60,3442
60,3443
60,3444
60,3445
162,3446
42,3447
10,1966
42,3448
60,3449
211,3450
60,1349
60,3451
4,3453
60,3454
60,3455
60,3457
60,3458
62,1260
211,3459
60,3461
225,3462
50,3463
67,3349
60,3464
166,3465
211,1583
42,3466
60,3467
60,3468
60,3469
60,1461
165,3470
261,1184
60,3471
60,3472
62,3473
166,3474
161,3475
168,3476
60,3477
42,3478
175,1957
211,3479
42,3480
4,3481
161,1841
60,3482
173,3355
211,3483
171,3484
60,3485
171,3486
60,3487
42,3488
175,3489
42,3490
60,3491
60,3492
60,3493
60,3495
168,3496
166,3497
161,3498
42,3499
60,3500
60,3501
60,3502
168,3503
43,3504
60,3505
60,3506
60,3459
179,3507
60,3508
60,3510
42,1628
171,3511
60,3512
60,3513
60,3514
42,1504
60,3515
60,3242
4,3516
42,3517
168,3518
4,3519
177,3520
161,3029
42,3521
12,2964
15,3522
161,2306
60,3523
42,3524
179,3525
17,3526
25,3527
60,3528
4,2759
25,3529
60,3530
60,3532
168,3533
255,1308
60,3534
166,3537
42,3538
42,3539
60,3540
102,3446
168,3541
211,3542
60,3543
26,3544
211,3545
279,2766
280,3546
161,3547
177,3548
60,3549
60,3550
60,3551
60,3552
62,3553
60,3554
12,3556
25,3557
42,3558
60,3559
69,3043
13,3560
8,3463
71,2738
42,3511
60,3561
60,3562
60,3563
60,3564
60,3565
60,3566
166,2952
50,3567
211,3568
171,3569
161,3570
42,3548
60,3571
60,3572
60,3573
60,3574
281,3575
186,3527
60,3576
186,3557
60,3577
258,3579
60,3580
177,3581
60,3582
9,3504
195,3583
4,3584
60,3585
60,3586
60,3587
60,3588
168,3589
166,3590
60,3592
168,3593
2,3594
60,3596
60,3597
42,3598
60,3599
60,3600
60,3601
60,3603
5,3604
60,3605
25,3606
282,3607
60,3608
168,3609
60,3610
283,3611
42,2155
60,3612
42,3613
211,3614
66,2964
192,3615
60,3616
60,3617
60,3618
60,3619
60,3620
166,3621
60,3622
60,3623
60,3624
50,3625
60,3463
284,3626
60,3627
60,3628
60,3629
62,3630
4,3631
42,2964
60,3632
60,3633
50,3634
42,3635
42,3636
60,3637
60,3638
60,3371
60,3640
17,3269
60,3641
161,3642
164,3643
60,3644
166,3374
164,2964
60,3645
177,3646
60,3647
50,3649
211,3650
177,3651
4,3652
162,3527
175,2964
23,3653
60,3654
60,3655
179,3656
42,3657
50,1034
60,3658
171,2693
60,3659
60,3660
66,3661
4,3662
25,3663
4,3664
179,3665
60,3666
285,3667
60,3668
50,3669
60,3649
67,3670
60,3671
60,3672
194,3673
211,3674
14,3675
177,3335
60,3676
166,3677
179,3678
60,3679
286,3681
60,3682
4,3683
190,3684
169,2964
60,3685
42,3686
8,3687
60,3688
60,2516
17,3689
80,3690
25,3691
287,1673
175,3692
4,3693
211,3694
42,3695
60,3696
60,3583
60,3697
149,3698
60,3699
63,3700
288,3701
124,3702
60,3703
60,3704
60,3705
60,3706
60,3707
261,3708
166,3709
15,3710
42,3711
14,2964
63,3712
288,3713
168,3714
60,3715
131,3716
63,3223
60,3717
60,3718
30,3719
50,3720
66,3721
60,3722
60,3723
173,262
60,3724
60,3725
52,3726
60,3727
211,3728
42,3729
60,3730
60,3731
43,3732
50,3733
42,3687
60,3734
63,3735
60,3736
60,1150
60,3737
42,3738
23,3739
60,3740
175,3424
2,3741
4,3743
63,3744
166,2627
60,3745
60,3746
204,51
10,3747
190,3748
60,3749
60,3750
60,3751
60,3752
168,3753
60,3754
186,3755
60,3756
60,3757
209,3758
100,3760
4,3761
60,3762
60,2306
60,3763
50,3764
77,3765
13,3043
2,3766
166,2622
50,3767
60,3768
50,3769
42,3770
60,3771
60,3772
42,3773
60,3774
62,3135
179,3775
14,3776
60,3777
19,3778
63,3779
42,3780
289,3692
4,3374
60,3781
60,3782
186,3375
60,3784
60,3785
60,3786
290,472
23,3787
264,3135
168,3788
60,3789
164,3790
50,3791
60,3792
69,2027
50,3793
60,3794
60,3795
60,3796
60,3797
50,3798
60,3799
194,3800
66,3522
60,3802
204,2314
60,3803
4,3804
12,3805
60,3806
191,3807
60,3808
161,3809
162,3810
168,3811
42,3812
60,3813
171,2964
52,3814
60,3787
60,3815
60,3816
60,3817
43,3187
60,3818
168,3819
60,1280
63,3820
60,3821
60,3822
60,3823
175,3824
197,3825
42,2913
177,3826
42,3827
161,3828
60,3829
60,3830
60,3831
60,3832
60,3833
60,3835
60,3836
264,967
60,3837
60,3838
161,3839
60,3840
60,3841
60,3842
30,3843
60,3844
172,3845
4,3846
42,2015
60,3847
60,3848
60,3849
60,3711
168,3850
206,3851
60,3852
60,3853
4,262
42,3854
173,3856
50,3857
50,3858
60,3859
4,3860
60,3861
69,1038
60,3862
60,3863
42,3864
10,3866
63,3867
60,3868
161,3869
291,3870
50,3626
292,3871
60,3872
4,3873
25,3170
164,3874
17,3805
171,2137
60,3875
290,3876
164,3877
25,3878
60,2531
25,3879
50,3880
60,3881
42,3882
60,3883
60,3884
50,3885
60,3886
60,3887
60,3888
14,3889
60,3890
42,3892
271,3375
171,3893
293,3894
12,3895
60,3897
60,3898
149,3899
63,3900
63,3901
168,3902
63,3903
164,3208
42,3904
60,3905
165,3906
42,3907
60,3908
256,3909
42,1108
4,3910
60,3911
162,3912
161,3913
211,3914
165,3033
50,3915
60,223
4,3916
60,3917
25,3918
256,3919
190,3920
60,3921
3,1841
60,3922
23,3607
165,3924
166,3925
50,3926
50,3927
60,3928
251,3929
60,3931
60,3932
175,1073
63,3933
256,3934
63,3936
60,3937
60,3938
60,3939
67,3940
60,3941
294,3942
60,3943
60,3944
60,3945
60,3946
60,3947
295,2155
211,3948
12,3949
63,3950
177,3951
63,3952
42,238
60,3953
60,3954
60,3955
62,3956
60,3957
177,3958
42,1730
60,3959
42,3960
42,3961
256,3962
256,3963
60,3964
60,3965
15,2203
60,3966
69,3805
63,3967
296,3946
166,3968
168,3969
190,3970
50,3971
165,3972
14,3973
60,3974
42,3975
60,3976
147,3977
60,3805
60,3978
63,3979
60,3980
161,2203
60,3981
65,3982
164,3535
60,3983
60,3984
197,3985
60,3986
63,3987
42,3988
190,3990
60,3992
42,1433
290,3993
63,3994
297,3995
258,3996
42,3997
60,3998
30,3999
12,4000
60,4001
166,4002
42,4003
60,4005
60,4006
192,4007
60,4009
44,4010
60,4011
42,4012
14,4013
60,4014
298,3249
175,4015
171,4016
42,4017
99,4018
190,4019
225,4020
211,4021
60,4022
173,4023
149,4024
14,4025
60,4026
60,4027
60,4028
117,4004
63,4029
60,4030
62,4031
165,4032
60,4033
12,4035
256,4036
42,1232
209,4037
60,4038
168,4039
60,4040
134,2203
60,4041
60,4042
60,4043
25,4044
171,4045
252,653
42,4046
60,4047
4,4048
60,4049
60,4050
60,4051
50,4052
164,4053
60,2087
63,4054
63,3575
60,4055
60,4056
60,4057
60,4058
299,4059
175,2434
60,4060
42,4061
258,2727
60,4062
161,2015
164,3805
60,4063
300,4064
298,255
60,4065
211,1030
60,4066
60,4067
62,4069
168,4071
60,3558
9,3683
300,4073
17,4074
60,4075
60,4076
301,30
42,4077
164,2203
60,4078
60,4079
60,4080
168,4081
60,4082
161,3043
60,4083
4,2069
168,4084
83,4085
60,4086
42,4087
258,4088
14,4089
211,2592
43,4090
60,4091
12,4092
60,4093
60,4094
50,4095
299,4096
62,1540
4,4097
298,4011
298,4098
40,4099
19,4100
4,4101
3,4102
60,4103
60,4104
272,4105
60,4106
25,4107
5,4108
211,4109
60,4110
177,3166
298,4111
60,4113
60,4114
42,4115
171,4116
9,4117
165,4118
298,2342
30,4119
161,4056
42,4120
60,4121
60,4122
63,4123
60,4124
194,4125
4,4126
298,2861
42,4127
169,4056
60,4128
60,4129
60,4130
60,4131
168,4132
298,3936
211,4133
60,4134
60,4135
60,4137
40,4138
298,4139
60,4140
164,4005
60,4141
60,4142
60,4143
60,4144
299,4145
298,4146
120,2203
60,4147
261,4148
9,4149
149,4150
60,4151
4,4152
42,4153
42,4154
60,4155
60,4156
60,4157
303,4158
120,4138
211,1019
42,4159
60,4160
298,4161
304,1894
298,4163
60,4164
163,4165
84,4166
298,3394
60,3683
60,4167
305,4168
60,4169
50,2468
42,4170
60,4171
298,4172
298,4173
12,4174
303,4175
60,4176
211,4177
171,4178
60,4179
298,4180
306,2287
298,4181
256,2269
6,3293
256,4182
179,4183
166,4184
299,4185
60,4186
8,4187
177,4188
264,4149
173,4189
298,4190
4,2917
67,991
42,4191
60,4192
60,4193
60,4194
282,3293
22,4195
211,4196
60,4197
60,4198
42,3995
60,4199
307,4200
102,4201
4,2619
12,4202
19,4203
14,4204
164,4205
308,4206
25,4207
14,4208
162,4209
186,4211
42,4212
83,4213
40,4215
309,4216
282,4217
161,4218
310,4219
42,4220
168,4221
168,4222
164,4223
164,4224
23,4225
308,4226
13,1841
42,4227
25,4228
100,4229
83,4230
171,3340
4,4231
168,4232
52,4233
168,4234
83,4235
83,4236
270,4237
310,2829
168,4239
256,4240
175,4241
10,4242
83,4243
175,4244
161,4245
4,4246
168,4247
4,4248
4,1892
83,4249
42,4250
170,4251
83,4252
177,4253
311,1189
60,1926
256,4254
175,4246
308,4255
9,4256
4,4244
312,1712
168,4257
23,4258
83,4259
313,4260
24,4256
168,4262
66,4263
172,4264
314,4265
8,4266
175,4267
83,2913
224,4268
6,4269
265,4270
164,3381
315,4256
310,1592
12,4271
72,4272
227,4273
77,4274
168,4275
316,3673
4,4276
317,4277
19,4278
14,4279
22,3673
318,4280
171,4281
4,4282
171,1275
40,4283
19,4284
186,4285
59,4286
177,4287
191,4288
169,4289
319,4290
100,4291
164,4292
4,4293
168,4294
186,1887
14,4295
4,4296
179,4297
40,4298
177,4299
42,1329
42,4300
12,4301
4,4302
169,4303
43,4304
106,4305
9,4278
320,379
173,4306
171,4307
173,4308
13,4309
321,4310
322,4292
9,4304
4,4311
320,3132
6,4312
171,4313
4,4314
175,4315
40,4316
255,4317
323,4318
12,4319
2,4304
256,4320
114,4321
255,4322
162,3591
324,1154
52,4275
190,4323
292,4324
177,4325
325,4326
309,4327
168,4315
168,4302
52,4328
168,4329
12,4330
79,4286
172,4331
324,4332
17,4290
326,1815
327,4333
255,2256
256,4334
40,4335
324,4336
96,4290
292,4338
328,4339
4,4340
256,4341
13,4342
13,4343
186,4344
329,3575
100,4345
31,4346
12,4347
12,4348
330,4349
264,4350
176,4351
9,4352
331,4353
100,4354
332,4355
171,4356
333,4357
42,4358
173,4359
168,4360
309,3039
42,1190
253,4361
194,4362
334,4363
25,4364
239,4365
272,4366
176,4367
186,4364
256,4368
267,3523
335,1731
168,4369
42,4370
186,4371
256,4372
177,4373
30,4374
162,4364
42,4375
66,4376
4,4377
336,4365
12,2821
177,4378
164,2158
337,1429
42,811
52,4379
161,4380
13,4381
25,4382
42,4383
176,4384
175,4385
338,4386
67,4387
339,4388
186,4382
25,4389
164,4390
42,4391
255,2140
164,4392
114,4393
340,4394
114,4395
171,4396
15,3087
175,2278
4,4397
256,4398
42,4399
149,4400
309,221
312,4401
177,4402
42,297
341,4365
4,4403
161,4404
309,4405
145,4406
267,4407
161,4408
309,4409
309,4410
40,4411
342,2618
186,2423
43,4412
343,4413
199,4414
256,4415
309,4416
25,4417
256,4418
344,4419
100,4420
256,4421
65,4422
169,4342
345,4423
30,4424
346,4425
312,4426
190,4427
2,4428
4,4429
256,4430
168,4431
171,4432
171,4433
175,4404
13,4434
177,4435
256,4436
347,4437
343,4439
194,4440
256,4441
163,4442
348,4443
239,4444
10,4445
349,4446
99,4406
186,4404
239,4447
14,4448
239,4449
309,4450
171,4451
256,3938
239,4452
30,4453
8,4454
256,4455
342,4456
239,4457
239,4458
350,4459
351,4460
44,4461
239,4462
41,4463
348,4464
239,4465
312,4466
256,4467
256,4468
239,4469
25,4470
352,4471
171,2572
161,4472
309,4473
21,4474
4,4475
164,4476
309,3673
190,4477
239,4478
175,4479
175,4480
175,2062
190,4481
17,4482
76,4483
65,4484
12,4485
247,4486
3,4487
23,4488
4,4489
177,4490
293,4132
353,2774
24,4491
293,4492
168,4493
349,4494
354,4495
169,4496
293,2751
293,4497
355,4498
186,4499
12,4500
4,4501
12,4502
293,4503
186,4504
171,4505
24,4506
65,4507
356,4508
162,4509
50,4510
69,4511
23,4512
76,4513
164,1748
190,4514
114,4515
67,4516
357,4517
357,4518
12,4519
349,4520
175,4521
164,4522
4,4523
50,4524
181,4324
163,4525
120,4526
50,4527
164,4528
4,4529
358,4530
60,4531
2,4532
354,4533
359,4534
190,4535
179,4537
293,4529
4,4538
247,1548
25,4539
186,4540
247,4541
359,4542
25,4543
23,4544
360,4545
177,4546
186,4547
161,4548
246,4549
99,4550
15,4551
186,4543
171,2401
361,4552
186,4553
186,4554
179,4555
168,4556
171,3227
168,4557
120,4558
100,4559
354,4560
40,4561
48,1722
171,4562
354,4563
171,4564
362,4565
12,4566
175,4567
67,4568
363,2014
179,4569
247,4570
186,4571
364,4572
365,4573
171,4574
171,4575
168,4576
168,4577
171,4578
253,4579
366,4580
171,4581
10,4582
355,4583
171,1755
50,3249
353,4584
171,4585
171,4586
170,4587
364,171
367,4588
17,4589
163,4324
161,4590
368,4591
369,4592
171,4593
171,4594
17,4556
67,4595
179,4596
12,4597
67,4598
353,1167
171,4599
17,4600
370,4601
67,4602
171,4603
171,4604
25,4605
353,3914
28,4606
171,4607
365,4324
370,1038
354,4608
371,4609
264,4610
162,4571
163,4611
43,4612
175,2199
66,4613
23,4614
50,4615
353,4616
50,4617
50,4618
50,194
67,4619
67,4620
67,4243
353,4621
13,4622
372,4623
6,4624
168,4625
353,2764
67,4627
67,4628
24,4629
168,4630
66,4631
59,4632
175,4633
164,4634
12,4635
168,4636
105,4637
50,4638
50,4639
353,4640
164,4641
168,4642
9,3716
373,4643
353,4644
67,4645
164,4646
374,4647
50,4648
50,4649
50,4650
50,107
163,4651
52,4652
182,4653
67,2997
4,4654
4,4655
4,4656
164,4657
4,4658
375,4659
171,4660
353,1890
353,4661
353,3672
105,4662
50,4663
67,872
67,4617
50,4664
67,4665
13,4666
67,4667
25,4668
37,4670
67,4672
79,4673
24,4674
376,4675
353,4676
353,4677
5,4678
353,4679
50,2713
50,4680
17,4681
50,4682
172,4683
377,146
72,4684
349,4685
169,3042
378,4686
13,4111
379,4687
173,4688
380,4324
24,4689
25,4690
67,4691
4,4692
67,2340
2,4693
67,3299
40,4694
12,4695
67,4696
4,4697
67,2567
175,4698
67,4699
13,4700
50,302
95,4686
25,4702
2,4703
67,1939
162,4704
137,4705
147,4706
102,4708
67,4709
25,4710
161,4711
265,4686
67,4712
25,4713
175,4714
175,4715
163,4716
177,3094
67,4717
67,3093
381,4718
19,4719
17,4720
177,4721
60,4722
23,4723
168,4724
67,4725
52,4726
173,4727
177,4730
172,4731
173,4732
67,4733
140,4734
2,4735
10,4736
67,4737
4,4738
77,4739
168,4740
19,4741
67,4742
382,4743
168,4744
25,4745
383,4747
177,1135
67,2526
67,4748
172,4749
168,4750
168,4751
19,4752
67,4753
43,4754
177,4755
67,4756
67,4757
43,4758
68,1558
163,4759
19,4760
24,4761
168,4762
169,4763
168,4764
67,4765
168,4766
164,4767
25,4768
186,432
23,2055
9,4769
12,4770
163,4771
164,4772
163,2257
43,1722
19,4773
199,4774
164,4775
105,4776
164,4777
162,4778
100,4779
162,4780
19,4781
163,3299
15,4782
384,4783
164,4784
163,4785
163,2509
169,4786
163,4787
163,4788
163,221
163,4789
175,4790
161,4791
385,4003
168,4792
173,4793
13,4794
47,4772
46,4796
2,4797
12,4798
270,1558
163,4799
8,4800
4,4801
163,4003
37,4775
145,3010
163,4802
386,4789
168,4803
164,4804
19,4805
236,4806
175,4807
387,4789
4,4808
25,4809
186,4809
168,4810
163,2359
13,4811
388,4812
4,4813
161,4814
168,4815
225,1135
162,4809
389,2872
17,4816
168,4808
12,4817
9,4818
17,4819
186,4820
8,4294
163,4821
163,150
12,4822
161,4823
162,4824
177,4825
1,4826
66,4827
168,4828
17,4830
4,3673
175,4831
390,2014
184,4832
3,4833
194,4834
168,4835
60,4836
12,4837
4,4838
9,4839
173,4840
164,4841
164,4842
168,4843
76,4844
17,4845
391,2014
30,4839
161,2864
12,4846
102,4847
4,4848
9,4849
9,4850
177,4851
13,4852
10,4853
186,1438
392,4854
190,4855
12,4856
13,4857
393,4858
4,4859
162,4847
44,4860
12,4861
317,4858
168,4862
17,4863
83,4864
173,4865
2,4231
168,4866
17,4867
168,4868
173,4869
164,4870
2,4871
394,3673
42,4872
105,4873
395,4874
4,4875
25,1841
270,4876
396,4786
43,4815
168,4877
13,3737
10,4878
397,4879
186,1841
186,4880
186,4881
42,1763
30,4882
168,4883
47,3673
43,4884
164,4885
4,4689
25,4886
14,1438
8,4887
6,4888
398,3673
168,4889
6,4890
2,4891
169,4892
24,4893
10,4894
4,4895
168,4896
9,4897
4,4898
161,4899
25,4900
5,4901
60,4902
40,4903
99,4904
12,4905
161,4906
399,4908
164,4909
5,4910
2,4911
30,4912
8,4913
184,4914
169,1544
25,4915
17,4916
168,4917
9,4918
164,4919
400,4920
168,4921
270,4922
170,4923
50,4924
175,4925
168,4926
164,4927
12,4928
79,4929
13,4909
60,4930
264,4931
12,4932
23,1772
5,4933
264,4934
76,4935
62,4936
168,4937
14,4938
168,4939
41,4937
401,3800
14,4940
161,1438
43,4941
272,4942
261,4943
44,4932
354,4909
25,4944
102,4915
175,4945
161,4788
25,4946
186,4946
12,4947
67,4948
4,4949
24,4950
161,4951
43,4952
225,1438
53,4953
175,4954
4,4956
2,4957
177,4958
161,4959
137,4960
25,4961
402,4951
177,4962
168,4963
23,4951
105,4964
175,4909
264,4951
161,4965
30,4966
23,4967
42,4968
270,4969
66,4970
30,4971
168,4972
168,4973
4,4974
114,4975
13,4961
168,4976
17,4977
4,4978
270,4979
24,4980
12,4981
175,4982
42,4983
175,4984
161,4985
69,4986
25,4987
24,4988
19,4989
3,4990
168,4991
80,1338
63,4992
177,4993
2,4994
13,4995
17,4996
168,4997
175,4998
44,4999
403,2014
168,5000
175,5001
186,5002
6,5003
175,4682
168,5005
3,5006
6,1436
2,5007
192,5008
173,5003
68,5009
394,4250
17,5010
25,5011
289,5012
6,5013
25,5014
4,5015
114,5016
25,5017
2,5018
3,3619
12,5019
177,4899
105,5020
44,5021
404,5022
270,5023
194,4592
161,4998
52,5024
186,5025
4,5026
164,5027
50,5005
60,5028
186,903
265,5029
175,5030
68,5031
41,4785
405,2014
177,3737
395,5032
102,5033
25,5034
194,340
354,5035
404,1419
168,5036
4,5037
406,5038
13,5039
3,5040
169,5035
9,5041
407,5042
184,60
164,1550
10,5043
179,5031
168,5021
264,5044
161,5045
169,5046
50,4837
175,5047
161,5048
25,5049
68,5050
164,1264
83,5051
25,5052
162,5053
408,2134
68,5054
9,5055
175,2018
168,5056
67,5057
225,317
44,5058
168,5059
67,2831
164,5060
17,5061
66,5062
9,5063
4,5064
175,5065
68,5066
409,2014
177,5067
272,5068
168,5069
175,5070
410,3784
168,5071
69,5072
168,5073
169,5059
369,3486
4,5074
227,2738
411,2014
114,5075
102,3538
44,5076
412,5077
68,5078
25,5079
44,5080
78,5081
25,5082
43,5083
409,3784
5,5085
173,5086
413,5087
186,5082
25,5088
114,5089
199,5090
161,5091
227,5092
28,5093
270,5094
4,1911
42,1404
168,5095
186,5088
99,5096
4,5063
4,5097
414,5099
161,5100
145,3114
225,1513
177,5101
67,5102
162,5082
415,2014
12,5103
4,5104
67,3784
4,5105
67,2143
4,5106
186,5107
102,5082
100,5108
168,5109
225,5110
4,5111
4,5112
190,5113
410,2014
50,5114
186,5115
192,5116
25,5117
168,5118
168,5119
50,5120
40,5121
270,2418
341,5122
4,5124
190,5125
190,1280
162,4692
168,5126
416,5127
168,3737
4,5128
186,5129
410,5131
25,5129
8,5132
408,1751
168,5133
190,5134
256,5135
173,5136
102,4692
199,5137
17,5138
43,5139
168,5140
3,2134
417,5141
418,5142
270,5143
168,5144
4,5145
8,5147
173,5148
419,5150
190,5151
6,5152
168,5153
44,5154
190,5155
4,5156
102,5157
42,5158
169,5159
177,5160
168,5161
25,5162
190,575
12,5163
177,5164
3,5112
225,404
117,5166
12,5167
23,5168
72,5169
420,5170
421,5171
378,5173
168,5174
190,5175
48,5176
9,5177
410,5178
23,5179
190,5180
168,5181
4,5182
104,5183
10,5184
168,5185
186,5165
422,5186
168,5187
65,5188
164,5189
378,5190
173,5191
14,5192
378,5193
173,5194
227,5195
4,5196
15,5197
14,5198
161,5199
164,5201
2,5202
3,5203
8,5204
4,5205
161,5206
169,5207
50,4737
186,5208
12,5209
8,5210
168,5211
24,5212
65,5213
423,5214
60,5215
177,1809
175,5216
5,5217
25,5218
25,5219
177,5220
264,5221
19,2885
236,3029
199,5222
177,5207
2,5223
23,5212
9,5224
164,5225
186,5218
31,5226
10,5227
177,338
69,5192
173,5228
4,5165
19,5229
66,5230
159,5212
4,5231
423,5207
161,3991
30,5232
66,5203
199,5233
12,5234
40,5235
164,5236
420,5237
19,5238
43,5239
424,5240
50,1713
186,4439
175,5241
227,5242
168,5243
13,5244
44,5245
24,5230
17,5247
25,5248
16,1804
168,5249
162,5218
104,5250
30,5251
425,4238
33,2168
168,5252
161,4439
25,5253
175,5254
102,5218
41,5255
426,5256
15,5257
4,5258
13,5259
43,5260
161,5261
427,5262
164,5264
164,5265
186,824
60,5266
161,3275
30,5267
161,5049
50,5268
13,5269
161,5270
168,5272
186,5273
169,5274
2,5275
41,5276
168,5277
99,5278
169,4327
17,1934
177,3700
161,5279
14,754
161,5281
69,5282
428,5283
429,5284
12,5285
186,5286
3,5287
168,5288
168,5289
3,5290
430,5291
2,5292
164,5270
431,1044
168,5293
168,5294
4,4985
164,5295
92,5270
50,4969
432,5296
40,5297
13,5298
4,5299
12,5015
168,5300
4,5301
177,5302
161,465
282,5303
173,5304
168,5028
168,5305
264,5306
175,5307
199,5308
164,5309
264,5208
15,5310
160,1247
175,5311
433,5312
6,5313
9,5314
3,5315
175,5316
76,5268
177,5317
43,5318
12,5319
175,5320
161,5321
43,5322
434,5323
435,1864
50,5324
50,5325
164,5326
436,5266
161,5327
437,5328
4,5329
438,5266
175,5330
175,5331
80,5332
4,5333
168,5334
439,3697
161,5335
175,5336
179,5337
164,5338
177,5339
5,5340
440,5341
44,5342
177,5343
168,5344
175,5345
161,2134
4,5346
441,4737
270,5339
4,5347
427,5348
4,5349
40,872
9,5350
177,5351
169,1812
161,5352
25,3087
161,5353
442,2774
41,5354
443,5355
12,5356
161,5357
444,5358
168,5359
42,5360
445,5361
105,5362
6,5363
161,5364
12,5365
161,5366
446,5368
164,1812
23,5369
25,5370
175,5371
264,5341
447,5372
161,5373
164,5374
9,5375
169,5376
192,5057
169,5377
270,5378
448,5380
13,107
23,5381
179,5382
12,5383
164,5384
3,5013
13,5385
449,4446
169,5386
80,5387
173,5388
164,5389
168,5390
161,5391
169,5392
50,5393
67,5394
23,5396
5,5397
13,2956
264,5398
161,5399
74,5400
169,5401
13,5402
50,5403
169,5404
186,3328
13,5405
13,1210
175,5406
177,5407
4,5408
19,5409
50,5410
137,5411
84,5412
25,5413
164,5414
50,5415
168,3840
3,5416
50,5417
164,5418
177,5419
4,5420
50,5422
50,5423
15,5424
62,5425
169,5426
95,5427
50,5428
9,5429
5,5430
50,4085
175,5431
186,5432
164,930
42,5433
62,1673
164,5434
23,5436
44,5437
361,5438
354,5439
13,5440
160,5441
186,5442
450,1429
4,5443
85,5444
43,5445
50,5446
6,5447
168,5448
62,5449
168,5450
13,5451
105,5452
4,5453
25,5454
50,4571
175,2774
169,5455
169,3583
168,5456
354,5457
4,5458
282,5442
168,5459
17,5460
316,5461
50,5462
164,4651
169,5463
4,5464
14,5465
175,5466
42,5467
164,5468
23,1430
3,5469
52,5471
159,5472
451,1176
13,5473
186,5474
12,5475
4,5477
169,5479
169,5480
69,5481
361,5482
4,4383
168,5483
177,5484
169,5485
67,2829
60,5486
168,5487
3,5488
452,2728
19,5489
453,1513
96,5433
4,5490
199,5491
177,5492
177,5493
159,5494
8,5495
454,5496
66,5497
169,5498
19,5499
169,1548
17,5500
65,5501
13,5502
168,5503
69,5504
25,5505
168,5506
42,5507
10,5508
14,5509
14,5510
76,5511
3,285
177,5512
168,5513
271,5514
28,5515
177,5516
168,2301
175,5517
17,5518
455,5519
256,5520
456,5474
9,5521
175,2154
19,5522
13,5523
270,5515
10,5524
30,5525
256,5526
361,5527
9,1067
173,5528
3,5529
270,5530
186,3931
114,5531
4,5532
159,5533
375,5534
168,5535
445,5536
30,5537
457,2829
13,5538
177,5539
4,5540
177,5541
59,5542
179,5543
177,5544
168,5545
168,5287
164,5546
359,5004
177,4646
458,5547
43,5515
4,5548
177,5549
4,5550
19,5551
4,5552
4,5553
173,5554
459,5555
12,5556
460,4737
60,5557
461,5547
44,5558
4,5559
3,5561
65,5562
168,5563
462,961
65,5564
30,5565
173,5566
175,436
19,4516
270,4677
175,5567
4,5568
44,5569
359,5570
23,5571
168,5572
270,5573
6,5574
17,5575
175,5576
264,5577
175,5578
17,5547
463,4737
175,5579
10,5580
69,5581
464,5582
4,5583
442,5584
3,5585
465,5586
50,5587
17,5588
4,5589
50,5590
44,5591
168,5592
43,5593
168,5594
5,5595
43,5597
9,5598
429,5599
143,5600
50,5578
169,1041
12,5601
9,5602
168,5603
52,5605
466,5606
13,5607
408,5608
467,5609
5,5610
104,5611
79,2520
164,5612
95,3065
9,5613
50,5614
460,1233
4,5615
3,5616
43,5617
5,5618
60,5619
168,5620
164,5621
17,5622
22,473
13,1505
177,5623
175,5624
10,5625
468,5626
270,5627
168,5628
66,4032
264,5629
442,5630
164,5631
199,5632
169,1505
24,5633
270,5634
3,5635
469,5636
58,5637
12,5638
354,5639
22,2139
164,5640
3,5641
173,5642
175,1965
23,5643
2,5644
470,5645
30,5646
177,5647
9,5648
164,5649
3,5650
13,5651
84,5652
169,5653
471,5654
12,5655
168,5656
204,5645
168,5657
3,5658
264,961
168,5659
282,5660
19,5661
169,5662
102,4880
3,5663
43,5664
30,5665
472,5666
17,5667
417,5668
177,5669
3,5670
169,5671
175,5672
131,5673
67,5674
153,5031
159,5632
473,2688
4,5675
164,5676
99,285
30,5008
42,5625
175,5670
12,5677
169,5678
62,5679
354,5680
264,2647
23,5681
43,5682
474,5683
25,5684
60,5685
397,5686
67,4677
30,5687
40,5688
169,5689
9,5008
12,5691
19,5694
168,5695
164,5696
177,5697
15,5698
69,4216
168,5699
12,323
17,5700
168,257
175,5701
175,5702
24,5703
66,5704
270,5705
3,5674
3,5706
168,5707
175,5708
3,5709
4,5710
69,5711
23,5712
175,5713
175,5714
175,5715
19,3468
8,5716
408,5578
25,4216
175,5717
67,847
44,5719
401,5720
124,5721
23,5722
65,5723
175,5724
5,5725
3,5726
476,5727
354,5728
3,2831
126,5729
477,4669
145,4096
478,961
13,5730
105,5731
3,2192
17,5732
154,5733
3,5734
4,5735
375,5736
479,5737
354,5738
43,5739
105,5740
69,5741
270,5742
8,1132
12,5008
177,5743
4,4677
3,5744
3,5745
3,5746
3,5747
480,5748
40,5749
3,5751
5,5752
354,5753
3,5754
354,5755
69,5756
3,5757
169,5758
43,5759
3,5760
1,5761
3,5762
12,5763
177,5693
481,5764
10,5765
3,5766
23,5767
164,5769
13,5770
3,5771
4,5772
168,5773
401,3650
177,5775
169,5776
67,5777
168,5778
160,5374
354,5779
401,5780
66,5781
361,5782
15,5783
23,5784
43,5785
482,5786
40,5787
454,5788
483,5789
4,5790
484,5791
16,5792
3,5793
4,5773
173,5795
12,5796
164,4536
485,5797
173,5798
14,5799
12,5800
8,5801
25,5802
177,5803
177,5804
177,5805
12,5806
3,5807
9,5808
486,5809
9,5810
164,5811
105,5812
420,5813
169,5780
3,5814
3,5815
431,5816
3,5817
487,2618
76,5615
488,5818
17,5819
169,5820
3,5821
12,5822
489,5823
9,5824
272,5825
44,5826
169,5827
401,1425
12,5789
4,5828
3,1225
168,5829
24,5830
270,5831
3,5790
85,5832
177,5833
12,5834
431,5835
169,5836
40,5837
76,5838
9,5839
4,5840
25,5841
264,5842
264,5843
169,5844
169,5845
169,2901
168,5846
321,5847
4,5848
10,5849
490,5850
47,5851
168,5852
177,5853
3,5854
164,5855
177,5856
177,5857
13,5858
169,5859
50,5860
177,5861
177,5862
177,5863
491,5864
492,2774
2,5865
169,5866
3,5867
490,270
177,5868
4,5869
177,5870
9,5871
168,5872
169,5873
131,5874
10,5875
2,5876
177,5877
169,5877
168,5878
429,5879
169,5880
5,5881
100,5847
177,5882
9,5883
164,5884
177,5885
44,5886
9,5887
12,5888
19,5889
264,5890
173,5891
52,5892
4,5893
173,5894
169,5895
177,5896
493,5897
236,5898
494,5899
164,591
15,5900
3,5901
408,5902
8,5671
14,5904
43,5905
17,5906
169,1933
177,930
495,5907
177,5908
42,5909
52,5910
9,5911
169,5912
12,5913
177,5914
173,5856
38,5915
177,5895
497,5916
177,5917
361,5918
69,5919
19,5920
354,5921
8,5922
80,5923
4,5924
164,117
58,5925
498,5918
168,5926
23,5927
81,5928
499,5929
408,5930
2,5931
13,5932
10,5933
17,5934
153,5935
500,5936
501,5937
23,5938
270,5939
173,5940
282,5942
408,5943
3,3487
131,5944
354,667
270,5945
413,5946
44,5947
23,5948
270,5924
486,5937
6,5949
192,5950
164,5951
408,5952
168,5953
502,5954
62,5955
124,5956
503,5416
67,5958
48,5925
382,5959
3,5960
28,5961
3,5962
44,5963
3,5964
3,5965
24,5966
236,5967
3,5968
504,5004
505,5969
13,5970
506,5971
270,5972
8,5974
9,5975
30,5976
168,5949
354,5977
16,5978
68,5979
164,5925
80,3167
497,1429
354,5980
98,5981
3,5982
168,5983
153,5984
13,5985
168,5986
12,5228
9,5987
66,5988
10,5989
10,5990
13,5991
130,5992
354,5993
3,5994
6,5995
507,5996
23,5997
13,5998
508,317
270,5999
12,5882
168,4571
115,6001
4,6002
99,6003
270,6004
270,6005
8,6006
44,6007
4,6008
509,6009
83,6010
42,2038
270,6011
58,6012
490,6013
510,6014
12,6015
117,6016
87,6017
10,6019
11,6020
164,6021
12,6022
270,6023
23,6024
67,6025
164,6027
6,1216
511,6028
341,6029
99,6030
168,6031
164,6032
100,4435
8,3871
6,6033
65,6034
512,6035
164,6036
6,6037
164,6038
99,6039
164,6040
53,6041
168,6042
40,6043
9,6044
9,6045
120,6046
12,6047
43,6048
3,6049
2,6050
164,6051
48,6052
5,6053
9,6054
17,6055
3,6056
67,6057
12,6058
23,6059
264,2456
270,6060
164,6061
23,6062
490,6063
164,6064
66,6065
164,6066
80,6067
60,6068
4,6069
124,6070
270,6071
3,6072
84,6073
52,3871
168,6074
270,6075
408,1870
17,6076
164,6077
168,6078
408,3656
3,2791
408,6079
408,6080
52,6081
23,4255
40,6082
494,6083
513,1167
9,6084
66,6085
3,6086
30,3802
271,6088
168,6089
6,6090
9,6091
164,6092
4,6094
14,6095
52,6096
408,2430
514,6097
2,6098
23,6099
4,6100
515,6101
516,6102
137,6076
164,6103
20,6104
271,6105
12,6106
164,6107
4,6108
3,6109
517,6110
518,2764
168,6111
50,1953
10,6112
4,6113
168,6114
59,6115
164,1347
2,6116
26,6117
12,6118
164,6119
13,6120
16,6121
168,6122
2,6124
12,6125
3,1329
62,6126
408,6127
408,6128
13,6129
23,6130
23,6131
6,6132
76,6133
14,6134
47,317
264,6135
14,6136
10,6137
108,6138
168,6139
13,6140
519,6083
3,6141
520,6142
270,6143
23,6144
67,6145
270,6146
100,6147
2,6148
13,3448
168,2907
23,6149
168,6150
62,6151
521,6152
23,6153
12,6154
12,3020
168,6155
270,6156
4,6157
23,6158
23,6159
522,6161
23,6162
44,6163
23,6164
23,6165
23,6166
12,6167
77,1551
168,6168
523,5863
3,6169
524,6170
525,6171
17,6172
270,6173
168,6174
65,6175
526,6176
525,6177
168,6178
30,6179
524,6180
429,1149
13,6181
527,6182
42,6176
164,6183
270,6184
1,6185
168,6186
73,6187
6,6188
43,6189
3,6190
84,1551
19,6191
528,3457
43,6192
10,6193
2,6194
164,6195
164,6197
168,6198
168,6199
42,6200
525,6201
28,6176
529,6202
52,6203
515,404
50,6204
526,2052
173,6205
23,6206
6,6207
137,6208
9,6209
41,3087
4,6210
4,6211
13,6212
28,6213
23,6214
23,6215
168,6010
92,6182
13,6176
3,6217
24,6218
12,6219
23,6220
19,6221
43,6222
43,6223
23,6224
43,6225
23,5442
12,6227
3,6228
4,6229
530,6230
44,6231
270,6232
264,1225
23,6233
19,6234
17,6235
515,6236
40,6237
14,6238
13,6239
13,6240
50,6241
50,2901
515,6242
52,6244
23,6245
12,6246
531,6247
168,6248
168,6249
3,6250
23,6251
515,2764
270,6252
168,6253
532,6254
164,6255
3,6256
14,6257
3,6258
168,6259
164,1719
50,6260
81,6261
50,6010
66,6263
12,6264
3,6265
168,6266
270,6267
99,6268
35,6270
270,6271
48,1257
9,6272
12,6273
12,6274
533,828
8,6241
534,6275
101,6276
3,6277
3,6278
32,6279
60,6280
12,6281
395,6282
173,2134
515,6283
270,6284
6,6285
168,6286
465,6266
535,76
50,1248
4,5455
264,1786
270,6287
127,6288
43,6289
30,6290
66,6291
164,6292
4,6293
3,6294
9,6295
23,6296
115,6297
4,6298
23,6299
517,6300
50,6301
23,2360
264,6303
3,6304
23,1776
23,6305
6,6306
3,6307
23,1108
12,6308
164,6309
10,6232
23,6310
50,6311
9,6312
536,6313
17,6279
23,6314
66,6315
24,6316
5,6317
168,6318
276,6319
12,6320
164,6321
19,6322
23,6323
3,3446
42,6324
23,6325
3,6326
19,6316
9,6327
8,6328
23,6329
4,6330
23,1475
3,6332
9,2282
69,6333
4,6334
395,6335
23,6336
85,6337
465,6279
23,6338
4,6339
452,6340
3,6341
23,6342
13,6343
43,6344
66,6345
24,6322
23,6346
4,6347
23,6348
23,6350
19,6351
23,6352
12,6353
9,6354
23,6355
9,6356
23,4742
168,2433
17,6357
168,6358
420,6359
164,6360
59,6361
484,6362
60,6363
164,2933
164,6364
23,1560
168,6365
23,6366
537,6322
23,6367
5,6368
43,6369
4,6370
23,6371
23,6372
5,6373
4,6374
43,1379
44,6375
23,6376
168,6377
23,5760
5,6378
164,5930
321,6379
13,6380
9,6381
12,6382
69,6383
69,6384
168,6385
12,6386
17,6387
100,6389
35,6390
4,6391
66,5662
466,6392
4,6393
13,6394
168,284
66,6395
4,6396
22,6397
15,6398
3,6399
12,6400
69,194
77,6401
12,6402
12,6403
5,6404
84,6405
13,6406
168,6407
8,6408
105,6409
19,6410
4,6411
5,6412
5,6413
12,3697
168,6414
17,6415
168,6416
12,6417
9,6418
9,6419
3,6420
59,6421
4,6422
17,6423
8,3368
168,6424
3,6425
131,6426
19,6427
538,6428
6,6125
24,6429
465,6430
9,6118
13,6431
3,6432
66,6433
168,6434
10,6435
4,6436
539,6392
168,6437
4,6438
30,6439
420,6440
12,6441
168,6442
4,6443
168,623
12,6444
100,6445
23,1550
14,6446
540,6447
168,6448
173,6449
9,6450
420,6451
10,6452
4,6453
66,6454
168,6455
43,6456
341,5127
78,51
541,6457
79,6394
13,6458
2,6459
1,6460
14,6461
24,6462
23,6463
17,6464
3,4326
6,3929
6,6465
44,6466
168,6467
99,6468
168,6469
25,6470
134,6471
168,6472
19,6473
9,6474
168,2789
542,6475
17,6476
8,892
6,6477
543,5
168,5395
66,6478
12,6480
9,6481
40,6482
100,6483
30,6484
3,6485
19,6486
173,6487
544,6488
168,3929
6,6409
19,6489
465,6490
168,6491
256,6492
105,6493
4,6494
42,6495
10,6496
41,6470
69,3448
12,6498
168,6499
30,6500
12,6501
168,3560
40,383
3,5935
545,6502
168,4479
168,6503
24,6492
168,6504
40,3525
4,6505
168,6506
77,6507
23,6470
546,6499
134,6508
8,6509
168,6510
46,6511
168,6512
112,6513
48,1429
168,6514
12,6515
60,6517
105,6518
168,1890
13,3619
282,6519
42,6520
9,6521
13,6522
5,6523
17,6524
12,6525
25,3929
5,6526
5,6527
3,6528
52,6529
13,1046
547,6530
168,6531
4,6532
120,6533
168,6534
540,6535
12,6484
3,6536
160,6537
9,6539
168,6540
19,6541
168,6542
195,6543
168,6544
13,6545
4,6546
44,6547
4,6548
9,6549
42,6550
168,6551
4,6552
168,6553
50,6554
12,6555
8,6556
60,6558
9,6559
254,6269
10,6560
168,2402
8,6561
3,6562
43,6563
13,6564
548,5638
24,1523
9,6565
168,6566
72,6568
3,6569
105,6570
8,6571
37,6533
549,6573
23,6575
480,6576
3,6577
404,2048
168,6578
43,6579
173,5723
282,6581
19,6582
40,6583
168,581
9,6584
550,6585
17,6586
41,6550
4,6587
30,6588
66,6589
13,6590
168,6591
168,6592
8,6534
26,5720
19,6593
11,6594
13,6595
8,6596
5,6576
13,6597
168,4564
551,6598
30,6599
3,6600
4,6601
26,6602
168,6603
43,6605
330,6606
59,6607
42,6608
552,6609
74,2105
9,6610
48,6611
553,6612
12,6613
12,6614
554,4258
9,6615
13,6616
60,6617
555,6618
12,6619
12,6620
30,6621
30,6622
25,6608
12,6623
9,6624
12,6625
8,5466
5,6626
77,6627
556,6628
9,6629
3,6630
557,2384
8,2908
40,6631
40,2567
4,6632
59,6633
37,6634
2,6635
4,6636
12,6637
6,6638
40,6639
100,6640
25,6641
9,6642
12,6643
12,6644
78,6645
13,6646
72,6647
41,6648
4,6649
552,5493
558,6650
6,6651
120,6652
12,6653
2,6610
9,2087
20,6654
559,6655
332,6656
40,6657
12,6485
560,6647
84,6659
12,6660
8,6661
44,6636
561,6662
4,6663
382,6664
40,6665
23,6666
12,6667
149,6668
9,4309
12,6669
6,2323
3,6060
44,6670
562,6612
17,6672
8,6673
5,6674
13,6675
552,6676
540,6677
4,6678
66,6679
8,1394
17,6680
4,6682
60,6683
4,6684
60,6685
65,6686
173,6687
8,6688
99,6689
3,6690
102,6691
40,6692
564,6693
14,6694
17,6696
4,6697
8,1404
540,6698
565,6699
66,6700
23,6551
47,6701
566,6702
4,6703
3,6704
24,6705
8,6706
4,6707
5,6708
43,1022
1,4553
12,6709
541,6710
65,6711
59,6712
5,6713
66,6714
9,6715
3,6716
99,6717
69,6718
40,6719
95,6720
28,6721
8,6722
5,6723
43,6724
9,6692
6,6725
4,6726
173,6727
9,6728
3,6150
40,2715
12,6729
12,563
60,6730
10,6731
50,6705
12,6732
12,6733
59,6734
3,6735
9,6736
2,6737
50,6738
9,6739
50,6740
99,6741
40,6742
12,6744
131,6745
104,6746
40,6747
4,6748
43,6749
6,4330
12,6750
5,6751
143,2789
100,6752
15,6753
8,6754
12,6755
10,6756
23,6757
4,6758
10,6759
1,848
84,6760
265,6761
567,6762
4,1959
12,6763
6,3743
12,6764
43,6765
45,6766
100,6767
10,6768
568,6769
104,6770
136,6771
12,6772
4,6773
43,6774
2,1081
12,6775
67,5509
43,1076
40,6776
66,6778
86,6779
6,6780
4,6781
44,6782
4,3919
3,1744
9,6783
12,6784
12,6786
569,6787
11,1220
126,1075
43,6788
270,6789
2,6790
126,6770
45,6791
10,6792
50,6793
43,6794
88,6795
69,6796
9,6797
12,6798
31,6799
17,6800
46,6801
12,6802
4,1579
24,6803
270,6804
28,683
16,6805
65,6806
45,6807
43,6808
102,1129
4,6712
13,6809
48,6811
26,6812
4,6813
25,6814
538,6815
76,6816
4,6817
21,6818
40,6819
3,6820
12,3647
12,6821
12,6822
43,6823
4,6824
8,6825
15,6826
4,6827
570,999
4,6828
13,6770
1,6829
4,6830
141,6831
3,6832
571,6833
9,6834
572,1267
66,5176
477,1131
13,6836
173,1495
4,6837
77,6838
15,6839
573,4326
40,5817
568,6840
46,1129
50,6841
149,6842
12,6839
30,6843
44,6109
24,6840
568,1456
99,6845
14,3753
40,6847
574,6848
19,6849
575,6850
13,6851
65,6852
134,6853
24,6854
6,6833
4,6855
12,6856
112,1397
24,6857
12,6858
9,6860
3,6861
60,6862
5,6863
12,6864
131,6865
3,6866
13,6867
256,6868
12,6869
77,6870
3,5502
3,6871
9,6872
576,6873
12,6874
100,6875
83,518
62,6432
5,6876
3,6877
99,6878
6,1314
5,6879
477,4326
37,6881
12,6882
154,6883
13,6432
65,6884
4,6886
43,6887
13,1129
2,6888
577,1267
43,6414
578,5979
15,6889
12,6873
84,6890
66,1324
84,6891
321,6892
395,6893
9,6894
579,6895
95,6896
10,6897
265,6898
13,2688
13,6899
42,6900
104,4003
104,1419
4,6901
104,6902
17,6903
65,6904
13,6905
580,1392
66,6907
2,6908
6,6909
6,6891
30,6910
13,6528
9,6911
40,6912
108,6913
12,6914
12,1908
66,6915
13,6916
147,6917
3,6918
3,6920
581,6921
10,6922
3,6923
37,6924
19,6925
9,6926
40,6927
12,6928
80,6929
4,6930
14,6931
241,6932
10,6933
60,6934
14,6935
76,6936
28,6937
72,6938
321,6939
12,6940
173,6941
4,6942
120,6943
417,6892
120,2340
12,6944
4,6945
526,3634
483,6240
40,6946
17,6947
3,6948
131,6903
173,6935
23,5979
16,6949
24,6925
276,1523
9,6950
63,6951
582,5450
4,6952
28,6953
12,6954
9,6955
50,6956
46,6934
113,6957
19,6958
25,6959
104,6960
24,6961
9,6962
62,5645
6,1401
65,6963
13,6964
583,6965
13,3657
52,6966
3,6968
129,6969
3,2763
105,6970
4,6971
13,6972
127,6973
13,5645
13,4003
66,6974
24,6975
76,6976
40,6977
44,6978
2,6979
2,6980
6,6981
146,6135
102,6982
30,6983
265,6984
82,6985
540,1544
9,1523
23,6986
9,6532
584,6987
3,6988
41,6989
28,6990
60,6991
585,6992
13,6135
40,6994
126,1573
12,6995
17,6996
334,6997
4,6998
12,6999
572,7001
4,5380
13,3650
233,2593
3,6990
333,4425
66,2210
12,7002
10,7003
30,7004
587,7005
4,7006
35,6995
588,7007
270,6990
13,7008
13,7009
6,7010
3,7011
3,7012
41,6961
52,7013
40,6996
100,7014
4,7015
24,7016
4,7017
9,7018
13,7019
38,7020
14,1514
24,218
25,7021
65,7022
17,7023
30,7024
3,872
3,7025
6,7026
106,7027
96,1627
3,7028
3,673
62,7029
13,7030
13,4409
10,7032
555,7033
9,7034
34,7035
9,1655
494,7036
17,4392
4,2210
4,7039
10,7041
590,51
12,7043
9,7044
12,7045
24,1654
4,7046
13,1673
17,7047
4,7048
591,7049
592,961
9,7050
4,5636
43,7034
173,7051
42,1655
120,7052
13,1186
25,1509
13,7029
12,7053
40,1652
40,1608
3,7054
14,7055
114,7056
9,7057
3,6102
120,7058
10,7059
3,7060
30,7061
102,7062
14,7063
12,7064
593,7065
40,7066
12,7067
77,3388
60,7052
3,7068
77,7069
99,7070
594,7071
3,7072
77,7073
4,7074
12,7075
25,7076
12,7077
10,7078
9,7079
12,7080
4,7081
12,7082
145,7056
4,7083
4,7084
2,7085
66,7086
43,7087
595,7088
149,7089
3,4648
13,7090
52,7091
137,7092
28,7093
9,7094
3,7095
9,7096
43,7097
12,7098
17,7099
10,7100
2,7101
60,7102
149,7103
113,7104
3,7105
9,7106
17,7107
15,7108
24,7099
50,7109
9,7110
6,7111
77,7112
12,7113
159,3750
63,7114
516,7115
12,7116
311,7117
270,7118
65,7119
115,7120
4,7121
596,7122
494,7123
597,7124
86,7125
12,7126
465,7088
60,7127
3,7128
12,7129
4,6149
9,7130
598,7132
105,7133
12,7134
50,7135
12,7136
19,7137
47,7138
10,7139
37,7140
4,7141
30,7142
12,7143
6,7144
572,595
583,7145
23,7099
65,1146
12,7146
60,7140
76,7147
4,7148
12,7149
120,6399
2,7150
599,7151
82,7152
14,7153
13,7154
12,7155
12,7156
572,3173
52,7120
12,6040
2,7157
12,7158
3,2346
173,7159
12,7160
516,7162
23,7163
60,7164
14,7165
600,7166
271,5324
23,7167
59,7168
43,7169
10,7170
4,7171
384,7172
9,7173
149,7174
10,7175
3,7176
105,7177
585,7166
12,7178
395,7179
12,7180
23,7181
24,7182
601,7183
4,7184
14,6266
602,7186
43,7187
134,3173
4,7189
3,1017
12,7190
4,7191
65,6499
14,7192
4,1922
72,7193
40,7194
3,7195
9,7196
4,7197
9,7198
43,7199
99,7200
30,7201
4,4604
4,6528
119,7202
143,7203
12,7166
3,7204
30,7205
321,7206
19,7207
50,7208
10,3457
66,7209
15,7210
12,7211
3,7212
94,7213
60,7180
579,7074
50,7214
12,7215
15,7216
603,7217
9,7218
10,7115
107,7163
4,7219
10,7220
4,7221
12,7168
129,1719
604,7222
583,7223
6,7224
120,7225
80,7226
120,7227
117,7228
30,7229
3,7230
173,7231
66,7232
14,7233
82,7234
6,7235
4,7236
3,7237
15,7238
12,7239
249,7240
15,7241
99,7242
12,7243
60,6494
606,7244
12,7245
43,7246
66,7247
3,7249
24,7250
12,7251
607,7252
3,7253
6,7254
9,7255
3,7256
265,7257
40,7239
3,7258
4,7090
113,7259
608,7260
3,7261
395,7262
137,7263
24,7264
3,7265
609,7266
606,7267
50,7268
10,7269
12,7270
19,7271
4,7272
23,7273
12,7274
610,7275
4,7276
25,7277
4,7278
12,7279
3,7280
17,7273
9,7281
14,7282
12,7283
30,7284
99,1175
12,7285
10,7239
137,7286
60,7287
3,1501
173,7289
58,7290
28,7291
4,7293
46,7294
43,7295
154,7261
12,7296
4,7297
17,7299
59,7300
611,7301
3,7302
612,7303
111,7304
28,7305
12,7306
113,7307
2,7308
265,7309
120,3770
13,6079
4,7310
265,7311
326,2139
615,7335
18,7417
12,255
257,7487
3,754
24,343
683,8114
271,754
705,8333
726,8551
83,119
23,754
743,8738
221,2474
764,8869
3,600
777,3907
3,867
20,194
784,2117
290,9173
789,4273
101,194
13,811
66,740
126,342
824,6251
334,5240
866,3985
40,106
872,9866
873,720
740,69
892,2140
896,10038
914,10111
930,10143
720,945
953,3390
942,460
83,361
957,5971
960,83
984,83
987,83
720,316
